<?xml version="1.0" encoding="utf-8"?>
<!DOCTYPE hibernate-mapping PUBLIC 
 "-//Hibernate/Hibernate Mapping DTD//EN"
 "http://www.hibernate.org/dtd/hibernate-mapping-3.0.dtd"> 

<hibernate-mapping>
   <class name="Employee" table="EMPLOYEE">
      <id name="id" type="int" column="id">
         <generator class="native"/>
      </id>
      <set name="certificates" cascade="all">
         <key column="employee_id"/>
         <one-to-many class="Certificate"/>
      </set>
      <property name="firstName" column="first_name" type="string"/>
      <property name="lastName" column="last_name" type="string"/>
      <property name="salary" column="salary" type="int"/>
   </class>

   <class name="Certificate" table="CERTIFICATE">
      <id name="id" type="int" column="id">
         <generator class="native"/>
      </id>
      <property name="name" column="certificate_name" type="string"/>
   </class>

</hibernate-mapping>